Name,Phone
Black Inc,(210)939-4422x84825
Anderson Ltd,4725584779
Willis LLC,001-493-335-6156x0734
King and Sons,637.943.0916
"Watts, Gomez and Haynes",(937)493-4636
Hall LLC,423-661-8768
Flores-Robinson,(349)650-6231
"Ortiz, Hansen and Martinez",+1-471-822-1256x6474
"Holland, Mason and Collins",582.572.8344x7128
Jones Inc,933.545.4649x11356
Lin Group,(452)997-1520x6799
Caldwell-Lopez,001-862-833-3931x1200
West PLC,+1-345-473-3650
Shepard Inc,001-398-618-3041
Payne Group,860-507-1369
Torres-Bryant,7506407562
Weiss LLC,+1-809-817-3809
Williams Group,001-406-974-3514x546
Campbell Inc,249-356-3144x3759
Jackson-Walker,516-904-0011x459
Dennis-Pacheco,644.717.4525x11222
Mejia-Jackson,(242)765-9332x63432
"Steele, Wade and Bradley",683-625-3866x91834
"Stanton, Berg and Bell",+1-978-962-4055x66794
Robertson Ltd,940-826-0764x2372
Smith-Perry,(825)650-9238x47220
"Gutierrez, Montgomery and Mason",(541)300-2497x679
Scott-Barry,001-578-340-2495x805
"Garner, Matthews and Johnson",406.528.4932
Pearson-Williams,776.383.9233
Richardson-Short,309.394.4150
"Sanchez, Orozco and Hernandez",001-551-799-2404x56756
"Obrien, Nelson and Sawyer",231.560.9287x41910
Barnett-Moore,4917653694
Kane-Smith,809.893.0779
Archer-Harris,863.605.7776
"Hickman, Hatfield and Pearson",899-623-0885
Bates PLC,529-443-1038x6492
"Estrada, Glover and Schmidt",(827)240-5869x701
"Mckay, Jenkins and Christian",599-343-0469x6730
Bowman-Hart,327.581.5039x502
"Sandoval, Andrews and Butler",001-919-818-5634
Weber-Martinez,(852)381-1253x41930
Delgado-Ward,(900)925-5092x06786
Harvey-Green,291.304.8387x16026
Rodriguez-Phillips,(913)806-6260x04759
Cochran PLC,001-666-685-8015x013
"Oliver, Mcconnell and Guzman",6106637987
Perry Group,936.800.6844
Allen-White,(333)234-7585x23855
