FirstName,LastName,Email,AccountName
Eric,Williams,amandamoody@example.org,Black Inc
Matthew,Sullivan,bellmelissa@example.com,Anderson Ltd
Jose,Aguirre,teresarodriguez@example.org,Willis LLC
Scott,Wilson,brookeestrada@example.com,King and Sons
Rachel,Taylor,connie07@example.net,"Watts, Gomez and Haynes"
Christina,Stephenson,alex19@example.org,Hall LLC
Katie,Atkinson,eric05@example.com,Flores-Robinson
Hayley,Allen,deborahhardy@example.org,"Ortiz, Hansen and Martinez"
Jacob,Fischer,williamslinda@example.net,"Holland, Mason and Collins"
Michelle,Rogers,richard13@example.net,Jones Inc
Michelle,Newton,ialexander@example.net,Lin Group
Cassidy,Gonzalez,melissaschneider@example.org,Caldwell-Lopez
Nathan,Nelson,jasonshepard@example.org,West PLC
Raymond,Warner,fmurray@example.net,Shepard Inc
Eddie,Gomez,elizabeth48@example.net,Payne Group
Sara,Cruz,hleblanc@example.net,Torres-Bryant
Justin,Reyes,blewis@example.net,Weiss LLC
Heather,Osborne,ucurtis@example.org,Williams Group
Shelby,Huerta,lisa63@example.net,Campbell Inc
Scott,Schmidt,mcdanielricardo@example.org,Jackson-Walker
Nichole,Hernandez,erica36@example.com,Dennis-Pacheco
Peter,Jackson,kanejoseph@example.net,Mejia-Jackson
Mallory,Brown,stacyleblanc@example.org,"Steele, Wade and Bradley"
Julia,Brown,wrojas@example.net,"Stanton, Berg and Bell"
Eddie,Brooks,michael80@example.net,Robertson Ltd
Joseph,Logan,swagner@example.net,Smith-Perry
Karina,Murphy,clarklarry@example.com,"Gutierrez, Montgomery and Mason"
Kelly,Bowen,zjohnson@example.net,Scott-Barry
Jasmine,Ferguson,thompsonlindsay@example.com,"Garner, Matthews and Johnson"
Robert,Garza,rosssteven@example.com,Pearson-Williams
Natalie,Jackson,yburton@example.org,Richardson-Short
Matthew,Booth,bradley85@example.net,"Sanchez, Orozco and Hernandez"
David,Wilson,barbara50@example.org,"Obrien, Nelson and Sawyer"
Christopher,Boyd,msanchez@example.net,Barnett-Moore
Jay,Smith,mikebriggs@example.com,Kane-Smith
Andrea,Foster,mcooper@example.org,Archer-Harris
Sharon,Miller,rnelson@example.com,"Hickman, Hatfield and Pearson"
Laura,Boone,holiver@example.org,Bates PLC
Margaret,Floyd,greeredward@example.com,"Estrada, Glover and Schmidt"
Leah,Olson,debra85@example.org,"Mckay, Jenkins and Christian"
Claudia,Welch,travis48@example.net,Bowman-Hart
Jason,Kane,dennis84@example.org,"Sandoval, Andrews and Butler"
Rachel,Yang,ashley06@example.com,Weber-Martinez
Robin,Carter,djohnson@example.org,Delgado-Ward
Christopher,Williams,jaredwells@example.org,Harvey-Green
Angela,Carter,ryanamanda@example.org,Rodriguez-Phillips
Susan,Bell,reyesjohn@example.org,Cochran PLC
Tyler,King,williamrogers@example.org,"Oliver, Mcconnell and Guzman"
Garrett,Reed,duransteven@example.net,Perry Group
Robert,Warner,gdavis@example.org,Allen-White
