Status,Priority,Call Type
Cancelled,Low,1000
Cancelled,Low,1000
Cancelled,Low,1000
Cancelled,Low,1000
Cancelled,Low,1000
Cancelled,Low,1000
Cancelled,Low,1000
Cancelled,Low,1000
Cancelled,Low,1000
Cancelled,Low,1000
Cancelled,Low,1000
Cancelled,Low,1000
Cancelled,Low,1000
Cancelled,Low,1000
Cancelled,Low,1000
Cancelled,Low,1000
Cancelled,Low,1000
Cancelled,Low,1000
Cancelled,Low,1000
Cancelled,Low,1000
Cancelled,Low,1000
Cancelled,Low,1000
Cancelled,Low,1000
Cancelled,Low,1000
Cancelled,Low,1000
Cancelled,Low,1000
Cancelled,Low,1000
Cancelled,Low,1000
Cancelled,Low,1000
Cancelled,Low,1000
Cancelled,Low,1000
Cancelled,Low,1000
Cancelled,Low,1000
Cancelled,Low,1000
Cancelled,Low,1000
Cancelled,Low,1000
Cancelled,Low,1000
Cancelled,Low,1000
Cancelled,Low,1000
Cancelled,Low,1000
Cancelled,Low,1000
Cancelled,Low,1000
Cancelled,Low,1000
Cancelled,Low,1000
Cancelled,Low,1000
Cancelled,Low,1000
Cancelled,Low,1000
Cancelled,Low,1000
Cancelled,Low,1000
Cancelled,Low,1000
Cancelled,Low,1000
Cancelled,Low,1000
Cancelled,Low,1000
Cancelled,Low,1000
Cancelled,Low,1000
Cancelled,Low,1000
Cancelled,Low,1000
Cancelled,Low,1000
Cancelled,Low,1000
Cancelled,Low,1000
Cancelled,Low,1000
Cancelled,Low,1000
Cancelled,Low,1000
Cancelled,Low,1000
Cancelled,Low,1000
Cancelled,Low,1000
Cancelled,Low,1000
Cancelled,Low,1000
Cancelled,Low,1000
Cancelled,Low,1000
Cancelled,Low,1000
Cancelled,Low,1000
Cancelled,Low,1000
Cancelled,Low,1000
Cancelled,Low,1000
Cancelled,Low,1000
Cancelled,Low,1000
Cancelled,Low,1000
Cancelled,Low,1000
Cancelled,Low,1000
Cancelled,Low,1000
Cancelled,Low,1000
Cancelled,Low,1000
Cancelled,Low,1000
Cancelled,Low,1000
Cancelled,Low,1000
Cancelled,Low,1000
Cancelled,Low,1000
Cancelled,Low,1000
Cancelled,Low,1000
Cancelled,Low,1000
Cancelled,Low,1000
Cancelled,Low,1000
Cancelled,Low,1000
Cancelled,Low,1000
Cancelled,Low,1000
Cancelled,Low,1000
Cancelled,Low,1000
Cancelled,Low,1000
Cancelled,Low,1000
Cancelled,Low,1000
Cancelled,Low,1000
Cancelled,Low,1000
Cancelled,Low,1000
Cancelled,Low,1000
Cancelled,Low,1000
Cancelled,Low,1000
Cancelled,Low,1000
Cancelled,Low,1000
Cancelled,Low,1000
Cancelled,Low,1000
Cancelled,Low,1000
Cancelled,Low,1000
Cancelled,Low,1000
Cancelled,Low,1000
Cancelled,Low,1000
Cancelled,Low,1000
Cancelled,Low,1000
Cancelled,Low,1000
Cancelled,Low,1000
Cancelled,Low,1000
Cancelled,Low,1000
Cancelled,Low,1000
Cancelled,Low,1000
Cancelled,Low,1000
Cancelled,Low,1000
Cancelled,Low,1000
Cancelled,Low,1000
Cancelled,Low,1000
Cancelled,Low,1000
Cancelled,Low,1000
Cancelled,Low,1000
Cancelled,Low,1000
Cancelled,Low,1000
Cancelled,Low,1000
Cancelled,Low,1000
Cancelled,Low,1000
Cancelled,Low,1000
Cancelled,Low,1000
Cancelled,Low,1000
Cancelled,Low,1000
Cancelled,Low,1000
Cancelled,Low,1000
Cancelled,Low,1000
Cancelled,Low,1000
Cancelled,Low,1000
Cancelled,Low,1000
Cancelled,Low,1000
Cancelled,Low,1000
Cancelled,Low,1000
