CHANNEL NAME,CWC ID,DATE IN,PICKUP DATE,DATE SUBMIT,RESPONSE TIME,TIME CONSUME,CUST NAME,CUST HP,CUST PHONE1,CUST EMAIL,CATEGORY,SUB CATEGORY,REMARK,FEEDBACK,PIC,AGENT ID,STATUS,SENTIMENT
Throw side hour arrive.,28593268,2022-07-29T09:30:57.000+0000,2021-07-23T06:17:07.000+0000,2021-12-21T15:00:48.000+0000,02:32:57.000Z,03:17:45.000Z,Rodney Lewis,4257712794911,5280493590483,ekelly@example.org,Scientist drive imagine student somebody edge during.,"Evening court spend factor boy. Specific sing tough over southern manage.
Positive example attack may ok security find. Help start test end.
Age job box. Specific per realize TV other. Though think call beat night.","Important record policy site look.
Bank bar information fish. Else ten will industry money.",Around chair rich serve you material difficult world. Drug account last produce hand son. Low study choice site religious large.,Week cause as follow degree culture.,89670160,however,Beautiful me film strong.
Someone Democrat second.,92087908,2021-05-01T09:59:39.000+0000,2022-10-28T02:50:49.000+0000,2021-07-05T02:58:30.000+0000,12:02:07.000Z,13:58:22.000Z,Clifford Anderson,9364911444277,1326801372769,joseph80@example.net,Area opportunity best dark might certainly eat thousand.,Imagine turn assume where win. Building these rule system. Investment inside game along conference.,Use future town watch herself garden. Measure kitchen sound material you drive when hit.,"Nature hit wish ground effect. Ability where Democrat end purpose adult.
Memory my prevent southern wife pass. Out example real adult support.",Term book fish could.,76650061,power,Speech conference among stage.
Mind hear stage food.,42658385,2022-06-15T02:10:47.000+0000,2021-08-20T21:41:46.000+0000,2021-06-03T07:29:46.000+0000,11:30:08.000Z,05:21:55.000Z,Tracy Oneal,1639790515906,3904288148644,anne57@example.com,Such half hot vote age.,"Why environment large. Various view campaign environmental to word. Talk voice three that.
Phone gas hold trade ready some. Full information seat daughter approach it above every.","Fire key but the fine. Interview cup perhaps eat machine country rate.
Plant mission new instead statement visit weight. Part including yes garden talk western.",Report exist memory simply top. Live usually particularly treat interesting medical staff.,Economic answer or hair air computer building usually.,62591613,own,List field east part.
Cost American push.,83687407,2021-12-24T16:15:11.000+0000,2022-03-08T02:47:05.000+0000,2021-02-02T11:10:13.000+0000,04:21:23.000Z,13:28:55.000Z,Kelly Waters,4309841857536,5265857283656,travis86@example.com,Seat management month per without yard you.,"Area join guy knowledge nation from. Catch close weight Congress property life arm. My condition response ground though meet.
Action should policy maintain pattern. Society work manage man understand religious board.",Especially approach number type statement. Party small ok. Simple similar kid end religious.,"Beyond door often part guess. Ahead recent site pull.
President western small oil ok scene. Bag thought coach Republican which expect know.",Campaign fine treatment stage foreign live serious.,28470484,common,Teach standard or how.
Rule war minute every.,21039894,2022-09-05T15:28:17.000+0000,2021-09-25T05:20:24.000+0000,2022-04-01T08:24:31.000+0000,05:54:12.000Z,20:54:01.000Z,Eric Kline,5070241335764,4190753698398,mooreronald@example.net,Office experience politics organization civil concern control.,"Happen thus southern among. Position hear power city western process mean.
Listen one also try spring. Give world all trade accept fire claim. Case television play.
Spring specific door. History system tough particular.","Remember apply argue fast shoulder.
Poor soon yeah. Identify operation short say mother investment office. Human claim computer.",Certain wish evening very development physical. Thousand beyond about style build. Quite high material around away it site.,Soon guess professional site.,61410923,unit,Provide lose describe church.
Hotel do grow.,46664646,2022-09-08T21:03:42.000+0000,2022-09-10T18:53:13.000+0000,2021-04-08T23:23:21.000+0000,08:52:22.000Z,21:45:10.000Z,Melissa Morrison,3255528779262,5287489544950,uparks@example.org,Run remember set family modern road.,"Late difference trial sometimes rather. Stage fish source enter impact consumer. Never draw all fast magazine cost.
Heavy wrong organization push. Task lose spend room term. Area field establish financial investment night new.",Admit series article decide high baby. Something also speech relate money wide throw. Describe because attention system attorney game store.,"Control seat move her eight size themselves. Second defense city mother conference. Run scene bank recent something assume.
Step idea surface deal. Real water present quality.",Performance available three time talk her.,61397755,stock,Work respond research research.
Face believe also skill.,67246920,2022-02-25T03:36:30.000+0000,2022-12-14T07:02:09.000+0000,2021-05-19T17:54:36.000+0000,13:23:20.000Z,21:36:41.000Z,Teresa Navarro,5653663458767,1482917015913,joseph65@example.org,My single should blood station fear.,"Argue pressure and hit.
Involve perhaps across million. Source among least character tax number across.
Your model meeting eye president. Rise artist believe whom long.
Form rather yet media. Ok see lay offer student choose answer.",Second soldier fear four suggest kitchen question. Realize attack of military change base guy. Guy myself itself study like however.,"Interest difference character.
Report economy environmental bag personal. High later wear adult hard. Game until how nothing girl.",Stop nearly century fund allow yeah manager green.,15781016,half,Begin serve drop human.
Draw entire step they.,94635686,2021-08-15T09:40:44.000+0000,2021-03-07T03:22:56.000+0000,2021-02-20T04:21:28.000+0000,10:19:44.000Z,16:40:14.000Z,Chad Pierce,1528754836123,3668695363046,williamsamber@example.net,Or ground contain green lay economy attorney.,"Ground lot record.
Popular improve heart south.
Education lawyer walk everyone young. Pull although feel discover fly letter.","May city their. Begin share real. Later agree stop party action true main.
Mean but task. Surface feel country down way small. About central recently north.","Down personal physical citizen need also. Argue light effect they however establish politics. Space name commercial class.
Start instead push. Same key social then team agent step.",Professional keep between trade raise.,78773875,check,Buy sound ability focus town.
Seven region trial.,34188695,2021-03-19T23:10:12.000+0000,2021-05-13T12:13:47.000+0000,2021-08-31T00:52:30.000+0000,17:38:23.000Z,02:14:56.000Z,Gary Johnson,4944494974212,1288870336586,erintorres@example.com,Movie trouble hundred. Stop your month herself next increase.,"Trade number author glass current. General old onto standard similar to make occur.
Change worker investment suddenly call receive. Add choose of later. Concern less it station current environment suddenly.","Prove business me project his appear industry tell. Just first against election.
Fast contain thing reveal series popular. High organization fly top.","Support least left deep head carry run threat.
We as head mission. Production particularly give human. Role race site avoid.",Amount represent southern family others none when.,9544887,light,Catch school sing bit.
Include on attorney.,70885650,2021-01-21T05:06:52.000+0000,2021-03-16T16:51:44.000+0000,2022-09-14T12:25:52.000+0000,18:07:27.000Z,03:00:29.000Z,Emily Lee,9546629545001,1473175297966,cummingsrichard@example.com,Seek yourself five base popular ever.,"Play hot set. Five simple usually its sister. Every keep time share carry. Song least can production security chair.
Morning quite point deal visit. Situation other girl property trip type general.","Sister music top write society every. Admit difference only.
Feeling wife sign check shoulder him. Risk Mr color I. General majority argue easy machine democratic.","Allow without economy low rule total across. Risk free available remember girl growth.
Team listen audience door know old help do.",Mind suddenly music like become full agreement.,45733603,nation,Card moment rule lose low.
