TICKET_ID,CALL_TYPE_ID,CALL_TYPE,DETAILS,CREATE_DATE,GATEWAY,JENIS_LAPORAN,NAMA_NASABAH,NO_REKENING,NOMINAL,STATUS,TANGGALCLOSED,TANGGALTRANSAKSI,CHANEL,FITUR,NOMOR_KARTU,USER_GROUP,ASSGINED_TO,ATTACHMENT_DONE,EMAIL,FULL_NAME,NO_TELEPON,APPROVER_LOGIN,APPROVER_NAME,SLARESOLUTION,SUBMITTER_LOGIN_ID,SUBMITTER_USER_GROUP,USER_LOGIN_NAME,JENIS_PRODUK,LAST_MODIFIED_BY,MERCHANT_ID,MODIFIED_DATE,NOTAS,PRODUK,SLA_STATUS,TID,TANGGALATTACHMENTDONE,TGL_ASSIGNED,TGL_ESKALASI,ANALISASKILS,ATTACHMENT_,BANK_BRI,BIAYA_ADMIN,SUKU_BUNGA,BUNGA,BUTUH_ATTACHMENT,CICILAN,HASIL_KUNJUNGAN,LOG_NAME,MMS_TICKET_ID,MASS_TICKET_UPLOAD_FLAG,NAMA_SUPERVISOR,NAMA_TL,NAMA_WAKABAG,NASABAH_PRIORITAS,NOTIFY_BY,ORGANIZATION,OUTPUT_SETTLEMENT,PHONE_SURVEY,RETURN_TICKET,SETTLEMENT_BY,SETTLEMENT_ID,SETTLEMENT,SITE_USER,STATUS_RETURN,STATUS_TRANSAKSI,SUBMITTER_REGION,SUBMITTER_SITEGROUP,SUBMITTER_USER_GROUP_ID,TANGGAL_SETTLEMENT,TGL_FOWARD,TGL_IN_PROGRESS,TGL_RETURNED,TICKET_REFERENSI,TIKET_URGENCY,TIPE_REMARK,UNIQUEID,USERS,USERGROUP_ID,ERROR
TTB000043833835,8701,Blokir Kartu ATM karena kartu hilang,"Nasabah mengajukan pemblokiran kartu ATM BRI
Permintaan pemblokiran ATM BRI.
Alasan pemblokiran : Hilang
Tanggal Hilang  : 01/01/2023
Jam Hilang : 00.00
Lokasi Kejadian : Semarang
Tanggal Pemblokiran : 01/01/2023
Jam Pemblokiran : 07:04:47 wib




==========
Kode Cabang          : 5838
No Kartu             : 5221845047272612
No Rekening          : 583801045607538
Kode Tipe            : 00
Status Kartu         : AA
Nama                 : PURWANTO
Alamat 1             : DK GROGOL RT 005 RW 004
Alamat 2             : BLORA
Kota                 :
Propinsi             :
Kode Pos             : 000058282
Kode Negara          : IDN
No Telp              :
Nama Ibu Kandung     : JEMIRAH
Employer             :
Tipe ID              : KARTU TANDA PENDUDUK (KTP)
No ID                : 3316022012770004
Jenis Kelamin        : M
Status               : K
Tgl Lahir(dd/mm/yy)  : 20/12/77
Tgl Kadaluarsa(yymm) : 2511
==========

Transaksi terakhir anda sukses.
Kode Unit Kerja :5838
No Kartu        :5221845047272612
Status Kartu    :BL
No Rekening     :
Tanggal Aktivasi:02/06/2022 11:18:00.370
User Aktivasi   :08521065
Tanggal Renewal :?
User Renewal    :
Last Maintenance:01/01/2023 07:04:47.083
User Maintenance:9994586
Last Reissue    :02/06/2022 11:18:00.662
User Reissue    :08521065
Tanggal Blokir  :01/01/2023 07:04:47.080
User Blokir     :9994586
Ket Blokir      :9994586
Reissue Branch  :
Close Date      :?
==========

User Profile
Error : Data tidak Ditemukan
User ID :
atau
No Kartu :
5221845047272612
atau
No HP :
atau
CIF :",2023-01-01 07:07:15,Phone,Request,Anwar,123456789012345,0.0,,,,,Blokir Kartu,5221234567890120.0,LCC-CCTCALL,,,,Meli Rahayu,81234567890.0,,,20,60872,LCC-CCTCALL,Meli Rahayu,Kartu Debit,60872,,,,Servicing,Met,,,,,,,BRI,,,,No,,,Meli Rahayu .,,No,Dika Purwarini,,,No,,Bank BRI,,,,,,No,00196 -- KANWIL Semarang,,,Semarang,KANWIL Semarang,4,,,,,,,Notes,,Call,4,Account ID: id value of incorrect type: TTB000043833835
TTB000043833951,8202,Informasi Product Banking,"#BRILINKMOB

DATA outlet BRILINK
Kode Outlet BRILink	: 11455155
Kode Merchant BRILink	: 11441551
Nomor PKS	: B.114-KC.SBG/PKS/MKR/12/2022
Nama Outlet BRILink	: ZULHELMI TANJUNG
Email	: zulhelmitanjung96@gmail.com
Latitude	: 1.6846673°
Longitude	: 98.8199508°
Nomor Telepon	: XXXXXXX84301
Alamat	: Jl Padang Sidempuan Ling III
Nomor Rekening Pelimpahan Merchant	: 382701046459539

=================================
Nasabah menanyakan perihal pass brilikmob yang terblokir sudah mencoba reset namun tetap respon terblokir

Sudah info : saranka reset kembali by web mybrilik.bri.co.id dan konfirm ke pihak PAB atau ke kantor cabang bri awal pembukan mesin edc",2023-01-01 07:06:39,Phone,Products / Promotion Inquiry,Budi,123456789012345,0.0,,,,,,,LCC-CCTCALL,,,,Warsiyah,180.0,90022934.0,Adhi Nitidharma,20,90121799,LCC-CCTCALL,Warsiyah,"Informasi Promo, Program, Produk",90121799,,,,Servicing,Met,,,,,,No,BRI,1672531599.0,,,No,,,,,No,,,,No,,Bank BRI,,,,,,No,00229 -- Kas Kanpus,,,KAS KANPUS,Kas Kanpus,4,,,,,,,Notes,,Call,4,Account ID: id value of incorrect type: TTB000043833951
TTB000043833734,8701,Blokir Kartu ATM karena kartu hilang,"#CALL TERPUTUS

if ch call back ,layanan IB ,  pergantian kartu,  , nomor tt



Nasabah mengajukan pemblokiran kartu ATM BRI
Permintaan pemblokiran ATM BRI.
Alasan pemblokiran : Hilang
Tanggal Hilang:
Jam Hilang: 22.00
Lokasi Kejadian : bekasi
Tanggal Pemblokiran :
Jam Pemblokiran : wib

=========

Kode Cabang          : 1176
No Kartu             : 5221843162965474
No Rekening          : 117601009746502
Kode Tipe            : 00
Status Kartu         : AA
Nama                 : SITI SHOLEHA
Alamat 1             : KP.RAWA INDAH RT 005 RW 003 -
Alamat 2             : -

=========

User Profile


Status	: Enabled
Date Registered	: 2022-11-07
Nama	: SITI SHOLEHA
User ID	: achmadqusyairi39
No Kartu	: 522184******1076
No. Handphone	: 0878****9589 (Active)
Smartphone Status	: (Not Registered)
E-mail	: achq***********mail.com
Tangal Lahir	: 1998-02-02
Alamat	: KP.RAWA INDAH KELAPA GADING KOTA ADM JAKARTA UTARA KOTA ADM JAKARTA UTARA
Nama Gadis Ibu Kandung	: HAWAFA

=========

Transaksi terakhir anda sukses.

=========


Kode Unit Kerja :1176
No Kartu        :5221843162965474
Status Kartu    :BL
No Rekening     :
Tanggal Aktivasi:07/11/2022 14:21:48.818
User Aktivasi   :1176041
Tanggal Renewal :?
User Renewal    :
Last Maintenance:01/01/2023 05:59:56.098
User Maintenance:9994473
Last Reissue    :07/11/2022 14:25:17.771
User Reissue    :08521083
Tanggal Blokir  :01/01/2023 05:59:56.095
User Blokir     :9994473
Ket Blokir      :9994473

=========",2023-01-01 07:05:16,Phone,Request,Ceshy,123456789012345,0.0,,,,,Blokir Kartu,5221234567890120.0,LCC-CCTCALL,,,,Dian Pratiwi,81234567890.0,,,20,60757,LCC-CCTCALL,Dian Pratiwi,Kartu Debit,60757,,,,Servicing,Met,,,,,,,BRI,,,,No,,,Dian Pratiwi .,,No,Dika Purwarini,,,No,,Bank BRI,,,,,,No,00196 -- KANWIL Semarang,,,Semarang,KANWIL Semarang,4,,,,,,,Notes,,Call,4,Account ID: id value of incorrect type: TTB000043833734
TTB000043833965,8413,Nasabah BRI gagal tarik tunai & terdebet di ATM Link,"Nasabah gagal melakukan transaksi tarik tunai :
Nama Bank            : LINK
Sebesar   : Rp.  2.500.000
Sebanyak         : 3 kali.
Gagal di trx yang ke : 3
Tanggal   : 32023-01-01
Pukul       : 03.00

2023-01-01	03:07:10	6701055907500	5221843115766631000000001573	2	2.500.000	0	NA	08883",2023-01-01 07:04:46,Phone,Complaint - Transaction,Dion Fury,123456789012345,2500000.0,,,,ATM BANK LAIN,Tarik Tunai-Terdebet,5221234567890120.0,LCC-ISSUER,,,,Adam Siraj,81234567890.0,,,14,90150225,LCC-CCTCALL,Adam Siraj,Transaction Solution,bricare_admin,,,,Transaction Banking,Met,,,,,,,BRI,,,,No,,,BRICare Administrator,,No,,,,No,,Bank BRI,Insert Ticket Berhasil,,,428.0,,Yes,00229 -- Kas Kanpus,,Berhasil,KAS KANPUS,Kas Kanpus,4,,,,,,,Notes,,Call,1,Account ID: id value of incorrect type: TTB000043833965
