session_id,From Email,agent_id,Agent Name,Type,Date Created,message_text
em_663fa453b84c5,reply@e.ktvu.com,7594,,IN,2024-05-12 00:00:56,"Cute Alert! Help Name Oakland Zoo's New Giraffe!
Images not loading properly? View As Webpage_
MAY 11, 2024
 Alternative Mother's Day Celebrations 
Amid a deepening focus on the mental health of parents, some experts are urging a different kind of Mother's Day celebration. While dining out and a bouquet of flowers have long been the tradition,
					Bay Area therapist Kaitlin Soule joined us discuss why this might actually add a layer of stress for moms and offer up alternative ideas to celebrate.
					 
WATCH THE INTERVIEW
Answer KTVU's Question of the Day! 
We want to hear from you! Click below to vote on KTVU FOX 2's Question of the Day. CAST YOUR VOTE
Let's get cooking! Mother's Day Brunch recipe
Bay Area chef Hugh Groman brought his culinary talents to KTVU Mornings on 2 for a special Mother's Day brunch recipe. Whether you're looking to impress your mom or just want to try something new, this recipe is sure to be a hit. 
<a   data-linkto=""https://"" href=""https://secure-web.cisco.com/1OfJeCbgtDAabICP_fER3BPOsHnScfb3ibW0wuNFYCraRt1M5sg0DyOCQKW8gGBeKnZ_D8C4hx8cbIIhlCksFaMmTpFYdlmf8G19vmZccnP_8ss2p3p2LzRK5D6vhiY_NfxOqdUmfJWNuKC2j1X7qwCE145swtbOBawCPBg6F9gx97KKt53qXHCDnZgdmUAr0LeYgpxvETFFku2qM0p-4pXOd_WCYhyYk0JYGnvO-x2gvuMonVa4as11EWAarc3ErLOgzpot9OEbp2"
